{
  "project_info": {
    "project_number": "1018693986816",
    "project_id": "geeknewsapps",
    "storage_bucket": "geeknewsapps.appspot.com"
  },
  "client": [
    {
      "client_info": {
        "mobilesdk_app_id": "1:1018693986816:android:1155db1c5fd540562746e5",
        "android_client_info": {
          "package_name": "com.indev.geeknewsapps"
        }
      },
      "oauth_client": [
        {
          "client_id": "1018693986816-m3p8taermvuhsnhcsibgjv6vthtoel7t.apps.googleusercontent.com",
          "client_type": 3
        }
      ],
      "api_key": [
        {
          "current_key": "AIzaSyAAWjn-lyBSfNWRC4udTBa7js8pB5snUR0"
        }
      ],
      "services": {
        "appinvite_service": {
          "other_platform_oauth_client": [
            {
              "client_id": "1018693986816-m3p8taermvuhsnhcsibgjv6vthtoel7t.apps.googleusercontent.com",
              "client_type": 3
            }
          ]
        }
      }
    }
  ],
  "configuration_version": "1"
}